text,label
Authorized signatory,Other
Solutions Architect,Information Technology
Medical technology advice,Consulting
Business expansion director.,Business Development
"APL manager, coordination",Administrative
Commercial Manager,Sales
Lab-Supervisor,Other
Human Resources Generalist,Human Resources
Managing Director,Other
Meister,Other
Application Analyst Senior,Information Technology
Set Lighting,Other
Project manager,Project Management
Benefits officer SGB II,Other
energy and sustainability consultant bei,Consulting
Purchasing Manager,Purchasing
Managing Director,Other
Waste consultant,Other
Senior Project Manager,Project Management
inspector,Other
Dr. phil.,Other
"Managing Director, CMO",Marketing
Head of Machinery Division,Other
Principal RF Design Engineer,Information Technology
Physician Assistant,Other
Business owner,Other
sales consultant,Sales
Co-Owner,Other
Sandblast and prep,Other
Professor,Other
Bank clerk,Other
Director,Other
IT Systems and Network Engineer,Information Technology
IT team leader,Information Technology
Senior Project Manager,Project Management
Managing Director,Other
Head of HR/CHRO,Human Resources
Chief Scientific Officer,Other
Office Associate,Administrative
Human Resources Consultant,Consulting
Manager,Other
Managing Director,Other
Sole board member Roto Frank Holding AG,Other
Dual study program with a degree in finance,Other
Product Manager,Project Management
Reporter,Other
Managing Director,Other
CEO / Managing Shareholder,Other
CFO,Other
Managing Director,Other
Director Sales,Sales
Sub-Stream Lead Simplify | Turnaround Programs,Project Management
Chief Revenue Officer (CRO),Sales
Vice President,Other
Business Development Manager,Business Development
Education Project Manager,Other
What Owner,Other
"Practice Leader, Data Valorization Strategy",Consulting
job security,Other
Managing Director at Giganet Services GmbH,Other
Strategic Design Director,Marketing
Museum educator,Other
Technical Team Lead,Information Technology
Managing Director,Other
shareholder,Other
Mechanical engineer,Other
Technical Customer Service Manager - Flexible Packaging,Customer Support
Java Software Engineer,Information Technology
New Business Manager,Business Development
Strategic Engagement Manager,Business Development
Project manager,Project Management
Innovationsberater,Consulting
Head of aws Preseed and Seedfinancing - Innovative Solutions,Other
Director of Product Management,Project Management
Executive Director of Therapies and Developmental Services,Other
Technical Product Developer & Data Scientist,Information Technology
Project manager,Project Management
Project Engineer Process Technology - Future Farming,Information Technology
Founding Partner,Other
Digital Marketing Manager,Marketing
Owner,Other
Procurement Manager Strategic Purchasing,Purchasing
Conversion Rate Optimization Manager,Marketing
Partner,Business Development
Lead Naval Architect,Other
Inside Sales,Sales
Key-Account-Manager,Sales
Dr.,Other
engineer,Information Technology
Managing Director,Other
Professional driver,Other
Head of Glass Technology,Other
Refrigeration technician,Other
Key-Account-Manager,Sales
Managing Director,Other
Accounting Manager,Other
Interims Technical Manager,Information Technology
Project Manager,Project Management
Management Consultant Information Security and Privacy,Consulting
Office manager | Press spokesman,Administrative
holder,Other
Departmental Secretary Finance,Other
Managing Director,Other
officer,Administrative
Senior Advisor,Consulting
Senior Manager Strategy & Business Transformation Health,Consulting
Manager | Mergers & Acquisitions,Other
Technical Transfer Leader,Consulting
Account manager / Salesman Helly Hansen Workwear Zealand & Bornholm,Sales
Managing Partner,Other
Director,Other
Lab Mgr,Other
Business owner,Other
"Board Member, CFO / Asset Management",Other
CEO,Other
Finance - AWS Global Private Pricing,Other
Software Developer,Information Technology
Vice President Global Head Order Processing / Prokurist,Other
NAILARTIST,Other
CEO Morning Post & DAY 24 | Sales Manager Sächsische Zeitung / Lesermark | CEO MVD eco-car,Other
Key Account / Supply Manager,Other
Sales Manager,Sales
Director of Sales,Sales
Industrial clerk,Administrative
Project manager quality HV battery,Project Management
Global Director Head of Portfolio and Business Development Global Service,Business Development
carer,Customer Support
Summer Camp Counselor,Other
Project Lead for Swap Re-engineering Project,Project Management
Chancellor / CFO,Other
Manager Purchasing,Purchasing
HR manager,Human Resources
Assistant Director of Prospect Management and Data Analytics,Other
"Piano teacher, accompanist",Other
Managing Partner / Group Managing Board,Other
Manager,Other
Founder and Senior Partner,Consulting
Chairman of the board,Other
Head of Engineering,Information Technology
Senior physician UC,Other
District Sales manager,Sales
Assistant Treasurer Real Estate,Other
Managing Dircector,Other
Director of Business Analysts and Special Projects,Information Technology
Robot technician,Information Technology
Upper Austrian coordinator for the keywording/delivery problem team,Purchasing
Head of Content & Workflows,Marketing
Collignon sawmill,Other
Landlord,Other
Senior Microsoft 365 Engineer,Information Technology
Product Manager Online Catalog & Shop,Other
Diploma in civil engineering,Other
"Executive Director, Marketing Strategy Director",Marketing
Head of Controlling and Accounting,Other
President,Other
"Architect, Head of Technical and Strategic Building Management",Project Management
Shop Manager,Administrative
Co-CEO,Other
Graphic artist,Marketing
IT HOSTING,Information Technology
Vice President,Other
Hospital CEO,Other
Co-Head of Bid Management CE,Sales
Head of IT service and operations management,Information Technology
Senior Human Resources Consultant,Consulting
Senior Legal Advisor,Other
Physiotherapist,Other
Research Associate,Consulting
Managing Partner,Other
Finance Director Central Europe 🇩🇪🇨🇭🇵🇱,Other
Senior Program Analyst (Immigration),Other
Operations manager,Other
Chief Executive Officer,Other
Chief Strategy Officer (CSO),Other
Lead Consultant,Consulting
CTO,Information Technology
Software Developer,Information Technology
CTO,Information Technology
Sales field service,Sales
Project coordinator,Project Management
Head of Construction Office,Other
Head of Package & Installation Design IGC,Project Management
Director General Sector and Global Programmes,Other
Station Manager at Ground2Air in Palma de Mallorca,Other
Area PDL,Other
Managing Director,Other
Business owner,Other
Managing Director CFO,Other
Human resources manager,Human Resources
Senior Project Leader,Project Management
"Editor, Publisher",Other
Self-employed,Other
Chairman of the Board of Directors,Other
Lecturer/instructor,Other
"Team leader architecture, operation and security IT section VID",Information Technology
Mechanical Engineer,Other
Dualer Student,Other
Technical manager,Information Technology
Partner,Business Development
Managing Director and Podcast Host,Other
Business Consultant,Consulting
President Of The Board Of Directors,Other
farmer,Other
Head of Group Capital Markets,Other
Executive Advisor,Consulting
Chairman of Board of Appeal and Member of Enlarged Board of Appeal,Other
Citrix Systems Engineer,Information Technology
Anesthesia Associate,Other
Managing Director,Other
Logistics team leader,Other
Sales Director,Sales
Project manager,Project Management
Managing Director,Other
Managing Partner,Other
CEO,Other
Communication and Marketing Manager,Marketing
Forklift operator,Other
official,Other
Managing Director Finance,Other
CEO,Other
masterblaster,Other
General manager,Other
Executive Director,Other
Student Records Manager,Administrative
Supply Chain Lead & Master Planning,Other
Chief Executive Officer,Other
Information Technology Business Analyst,Information Technology
Global VP and Head of Sustainability Innovation,Other
Sr. Application Software Engineer,Information Technology
Chairman of the Board,Other
Private Equity Investments,Other
DevOps Orchestration Manager,Information Technology
Head of Expansion and Project Development,Project Management
Legal Services,Other
Head of Marketing: Promoting label-free cell analysis technology,Marketing
Automotive mechatronics technician,Other
Graphic Designer,Marketing
Chief Technology Officer,Information Technology
Manager Regional Key Accounts Americas,Sales
Digital Project Managerin Marketing,Marketing
Media consultant DpS - trade magazine for pest control/SalesManager DpS - Pest Control Magazine,Sales
.,Other
Transport Officer,Other
Data Analyst,Information Technology
"Manager Program Management, Engineering",Project Management
kfm. Authorized signatory,Other
Professor,Other
Construction Director,Other
Chief Executive Officer,Other
Director of Business Development,Business Development
Neutraubling,Other
Sales Department Director,Sales
Data Analyst (Sustainable & Fund Finance),Other
Customer manager,Sales
Managing Director,Other
Head of department,Other
Global IT | Solution Architect Supply Chain Transportation,Information Technology
computer engineer,Information Technology
Head of E-Commerce,Marketing
office manager,Administrative
Managing Director,Other
ppa. Head of Treasury & Insurance,Other
Sourcing Specialist,Purchasing
Marketing Sales Manager,Marketing
Secretary,Administrative
Dancer Entertainer DJ,Other
"Founder, Owner",Other
Marketplace Manager / Online Shop Manager,Sales
Chairman of the Board of Directors (CEO),Other
Managing Director,Other
Team leader for vehicle scheduling and deputy resource planner,Other
Media Communication Intern,Marketing
Account Manager,Sales
Head of Marketing Communications EMEA - Oxford Instruments Group,Marketing
Business owner,Other
Market support,Sales
Director OpenValue Amsterdam,Other
Senior Customer Care Representative,Customer Support
Koch,Other
CTO,Information Technology
Group Design Strategy & -targets,Other
CEO,Other
Managing Director,Other
Assistant Manager,Other
Operations Director,Other
Technical assistance,Administrative
Lead consultant,Consulting
Managing Partner,Other
Head of IT Services & Operations Management,Information Technology
Teamleader IT Operations Management,Information Technology
distribution,Sales
Technical expert for signal box technology,Information Technology
HR-Manager,Human Resources
Managing Director,Other
Operation Supervisor,Other
Head of Accounting and Finance,Other
Managing Director,Other
designer,Other
Project manager in engineering IT,Information Technology
Sales & Marketing Management,Other
Field service specialist,Sales
Ruby Fullstack Developer,Information Technology
CEO,Other
Senior project manager,Project Management
Commercial Manager,Administrative
Country Manager Czech Republic and Slovakia,Other
Business owner,Other
Managing Director,Other
Group CEO,Other
Associate Consultant,Consulting
"Director, Finance and Information Technology",Other
Bergungsleiter,Other
Person in charge of the test vehicle,Other
Co-CEO,Other
Aircraft Physical Security Expert,Other
Director Maintenance Service Management national and international,Other
General Manager,Other
Dental technician,Other
Head of Regulatory Projects,Consulting
Owner,Other
Financial Analyst,Other
Mentor,Other
Sales engineer,Sales
Retired professor,Other
lawyer,Other
Head of the Popůvka branch,Administrative
Lead engineer,Information Technology
Managing Director,Other
"Department of Economics, Urban Development, Real Estate and Regulatory Affairs - Office Manager/Speaker",Other
Senior Enterprise IT Systems Specialist,Information Technology
Substitute,Other
General Manager,Other
Chief Sales Officer (CSO),Sales
Key Account Manager,Sales
Self-employed,Other
Project Manager,Project Management
Teacher,Other
metal worker,Other
Senior Account Manager Public Sector,Sales
Senior Consultant Procurement Excellence,Consulting
lawyer,Other
Commercial Service Manager,Customer Support
Head of CapEx Delivery Management and Planning Site Leverkusen,Project Management
Quality Manager,Other
Senior IT licensing specialist,Information Technology
Strategy Director,Business Development
Business owner,Other
Business owner,Other
Managing Director,Other
Director Commercial Operations,Marketing
Manager API production,Information Technology
Human Resources Specialist,Human Resources
49504,Other
Family Nurse Practitioner,Other
Global Chief Engineer / Manager - Power Electronics (OBC/DCDC),Information Technology
Owner rido gmbh,Other
SAP Solutions Consultant,Consulting
Senior Treasury Manager,Other
Senior Consultant,Consulting
Freelance Marketing Consulting / Client Service / Interim Marketing & Branding,Consulting
VP Product Management,Project Management
Head of Mechanical Engiuneering,Other
Facilitated Finance Planner - Research Funding & Administration,Other
Leiter Supply-Chain-Management,Other
Software Engineer IV,Information Technology
Communications Coordinator,Marketing
Head of ICT,Information Technology
Managing Director,Other
Responsible,Other
Head of Sales DACH,Sales
Senior Partner,Business Development
Application Consultant,Consulting
Partner,Business Development
Postdoctoral Researcher and Lecturer,Other
Purchasing Manager,Purchasing
Postdoctoral Research Fellow,Other
Industrial mechanic,Other
Strategic Purchasing Manager • Group Purchasing,Purchasing
Consultant HR,Human Resources
Head of Compensation & Care,Human Resources
Product Manager Optomechanics,Project Management
Senior Vice President,Other
Clinical Physicist,Other
Unemployed,Other
"Senior Lecturer, Education-Focused",Other
Delegated Administrator,Other
Director of Sales & Marketing,Sales
Master Data & Demand Manager Supply Chain Management,Other
Software developer,Information Technology
Sales management,Sales
Platform Support Direct Drive,Customer Support
chief accountant,Other
Recruitment Manager,Human Resources
"Vice President, National Sales Manager",Sales
Managing Director of SPIE GfT GmbH,Other
Professor,Other
Head of Marketing Technology (Teamlead),Marketing
AUTOMATICIAN ELECTRICIAN,Other
Strategic Planning,Consulting
Pastry chef,Other
General Manager,Other
Graphic designer (freelance),Marketing
Account Manager & Talent Acquisition Lead,Human Resources
Managing Partner,Other
Maintenance & Engineering Manager,Information Technology
Business Analyst,Other
Head of Central Service Center,Customer Support
Researcher,Other
Master chimney sweep company,Other
Project management for the development and implementation of a new casting technology,Project Management
Head of Process and ERP Governance,Information Technology
Senior UX Designer,Information Technology
Cloud Advisory Analyst,Consulting
Leiter Managed IT | Cloud Services,Information Technology
account Manager,Sales
Senior Manager B2B Contract & Implementation Management,Project Management
Research Development Group Manager,Information Technology
Head of accounting and tax department,Other
Team leader inventory development,Other
Machine operator,Other
lawyer,Other
Project manager,Project Management
Head of Procurement,Purchasing
Owner & business area manager IT (CTO),Information Technology
machine operator,Other
Managing Director,Other
Managing Director (CTO),Information Technology
Professor,Other
Senior Manager,Other
HR Specialist,Human Resources
Managing Director,Other
Cyber Security Analyst - Senior,Information Technology
Metal Fabricator,Other
Purchasing Senior Manager,Purchasing
Partner,Business Development
Managing Director,Other
"Executive Assistant, CMO",Marketing
Co-Founder and CEO,Other
Sub-Manager Coordination & Planning,Project Management
Managing Director (CEO),Other
Professional Gardener,Other
Sales Manager,Sales
Professor,Other
Professor of French and Francophone Studies,Other
HR Specialist Personnel Development,Human Resources
Director,Other
Senior Executive in L&D Department,Human Resources
Finance and HR,Other
Managing Director + Consultant + Designer,Other
PHD Student,Other
Lecturer,Other
"AVP, Dental Quality & Clinical Oversight",Other
Chairman of the Board of Kick-Media AG,Other
Alternate Director/Member of the Markets/Public Relations/CTR2 Commissions,Other
"Head of Human Resources, Member of the Management Board",Human Resources
IT CAD Administrator / Ofice Organisation,Information Technology
Partner,Business Development
Room manager,Administrative
owner,Other
Special Education Advocate/Education Consultant,Consulting
"electrician,",Other
CEO & Co-Founder,Other
Construction project manager,Project Management
Head of Strategic Purchasing,Purchasing
"general inspector of education, sport and research",Other
Owner,Other
Systemic consultant for organizational development and coach,Consulting
General Manager/Vice President of Planning,Other
Senior Diversity & Inclusion Partner,Human Resources
Managing Director,Other
Key Account / Project Manager,Other
Public employee,Administrative
Owner,Other
Senior Commercial Manager,Sales
in (un)retirement,Other
Executive Vice President Connected Software Systems & Services,Information Technology
"Head of Sales Department, Graduate in Banking Business Management (ADG)",Sales
HR IT Consultant,Consulting
CEO,Other
Administrative assistant,Administrative
Owner,Other
Senior Data Analyst,Information Technology
Scheduler,Administrative
Technical lecturer,Information Technology
Trainee Solicitor,Other
Business owner,Other
Managing Director,Other
Electronic Banking Spezialist,Other
EDI-Berater,Consulting
Chief Operating Officer,Other
Managing Director of Bergauer Logistics,Other
Senior Technology Architect,Information Technology
Chief Executive Officer,Other
Director Of Food And Beverage,Other
Managing Sr. Underwriting Director,Other
Head of Business Unit Finance | Executive Vice President,Other
Facility Coordinator CBRE GWS GmbH,Administrative
Director,Other
Associate,Other
Buyer,Purchasing
Radiologist,Other
Warranty Service Specialist,Customer Support
HR - Talent Manager,Human Resources
Senior Director of Sales & SDR Germany,Sales
Investment Associate,Other
Logistics officer,Other
Entrepreneur,Other
Senior director,Other
Assistant Clinical Research Associate,Other
Office Administrator,Administrative
Regional Sales Manager,Sales
Portfolio Manager,Other
owner,Other
Technical Development Manager - Interconnect,Information Technology
Partners and VRP,Business Development
Vice President,Other
CFO,Other
Chief Executive Officer,Other
programmer,Information Technology
Global Mobility Consultant,Consulting
"Specialist in orthopedics and trauma surgery, surgery, chirotherapy, naturopathy",Other
Quality manager,Project Management
CEO,Other
Senior Manager,Other
DayTrader,Other
VP Purchasing & Supplier Quality Webasto China,Purchasing
SAP consultant,Consulting
Deloitte Digital,Consulting
Equipment Project Manager,Project Management
Web front-end engineer,Information Technology
Business Owner,Other
Managing Director - CEO,Other
EVP Strategic Partnerships,Business Development
Senior HVAC Technician,Other
Non Executive Director - Member of the Supervisory Board,Other
Construction management,Administrative
Lawyer with a focus on genetic/biotechnology and pharmaceutical law,Other
Sports Columnist,Other
Managing Consultant - Business Transformation,Consulting
driver,Other
Head of Human Resources and Legal,Human Resources
CEO,Other
Chairman of the supervisory board of Mecklenburgische Versicherungen,Other
Junior Referent Landesförderinstitute,Other
Retirement,Other
Managing Director,Other
Kingmaker,Other
Head of Sales & Partnerships,Sales
Public Health Consultant,Consulting
Sales Manager,Sales
DevSecOps CoE Lead,Information Technology
Executive Vice President Digital Customer Solutions,Marketing
Senior Financial Crimes Investigator,Other
Project manager therapy professions,Project Management
Head of non-destructive testing MQP,Other
Speaker Digital Rail,Marketing
Director Projects,Project Management
Managing Director / General Manager,Other
Managing Partner,Business Development
retired,Other
Sales specialist,Sales
Diatary Aide,Other
Managing Director,Other
Consultant,Consulting
Research Analyst,Other
Senior Consultant Data Center,Consulting
Head Of RIV Academy - Blockchain,Information Technology
Software Architect,Information Technology
Product and Service Manager Qualitymanagement; Solution architect,Other
Managing owner,Other
Team/area manager,Other
Electrical engineer with expanded areas of responsibility,Other
(delegated) Business owner,Other
"Regional Sales Manager, Central European Region",Sales
Member of the Executive Board,Other
Chief Transformation Officer,Other
General Manager:in,Other
Summoner,Other
Private Mathematics teacher,Other
Business Development Leader,Business Development
Professor,Other
Co-founder,Other
Owner,Other
Team leader,Other
Automotive Sales Manager,Sales
Personal Trainer,Other
Managing Director,Other
Principal,Other
"Head of Controlling, Billing and IT Department",Other
cultivation,Other
Pensioner,Other
Supply Chain Manager,Other
Member Board Of Directors,Other
Former Head of Business Accounting,Other
"Vice President, Human Resources, Health & Security Subscription Services (H3S), North Americas",Human Resources
Transport Manager,Other
Business manager,Other
"Key Account Director Europe, Middle East & Africa",Sales
Software developer,Information Technology
Senior Design Engineer,Information Technology
Radio Engineering @ TDI | Huawei SRAN & Mobile Network Testing,Information Technology
employee,Other
Advanced Purchasing - Commercial Vehicles and Services,Purchasing
Owner - CSO,Sales
Site Manager,Project Management
"SAP Consultant, Managing Director, Partner",Consulting
"Buying, Porecurement & Allocation",Purchasing
Chancellor of the German Association,Other
Trainee as a businessman for dialogue marketing,Marketing
CFO,Other
Senior Network Engineer,Information Technology
Medical technology project manager,Project Management
Commercial manager,Sales
Training leader in Service Knowledge and Sales,Sales
Examiner,Other
Shipping Supervisor,Other
Freelancer,Other
Set Lighting,Other
Process and requirements manager,Project Management
Researcher,Other
Co-Founder & CEO,Other
Instructor,Other
Managing Partner,Other
area manager,Other
Physician Assistant,Other
CEO,Other
Qualified loan officer in risk-relevant lending business,Other
Senior Partner,Business Development
Support Analyst,Customer Support
Senior IT security officer,Information Technology
Development manager - systems for management and control,Project Management
Head of Corporate Human Resources,Human Resources
HR Associate Consultant,Human Resources
Service Engineer,Information Technology
Head of Sales,Sales
Senior work planner,Project Management
Technical Support Specialist EMEA - Dental 3D Printing,Customer Support
Waiter & Bartender,Other
Managing Director,Other
Member Of The Management Board (HR and Finance),Other
Project Management,Project Management
Manager | Enhance Efficiency Programs,Other
Group CFO,Other
Product Innovation Manager,Marketing
Education project worker,Other
Information Security Officer,Information Technology
"Associate Director, Data Strategy & Optimisation",Information Technology
environmental technician,Other
Owner,Other
Senior Manager Experience Consulting for Industry and Healthcare,Consulting
Managing Director,Other
Senior Software Developer,Information Technology
Training as a technical draftsman,Other
Technical Customer Service - Tapes & Labels,Customer Support
Java Software Developer,Information Technology
Leasing Liaison,Other
Principal Inbound Consultant,Consulting
Project manager,Project Management
Head of Verified Social Enterprise - Label,Other
Sr. Product Manager,Project Management
Director of Therapy and Developmental Services,Other
Junior Data Scientist,Information Technology
Project manager,Project Management
Project Engineer Process Technology - Technical Sales,Sales
Consulting,Consulting
E-marketing Manager,Marketing
Theater maker,Other
Strategic buyer,Purchasing
lawyer,Other
Senior Waterfront Engineer,Information Technology
Division Manager,Other
Regional Director,Other
Deputy head of tub technology,Other
Sales Manager,Sales
Interior Designer,Other
Senior Consultant Information Security and Privacy,Consulting
Public Relations Officer,Marketing
"programmer, tester, manager",Information Technology
Group Controller,Administrative
Managing Director,Other
Lecturer,Consulting
Senior Consultant | Mergers & Acquisitions,Consulting
Global Planing Manager,Project Management
open to work,Other
Dispatcher,Administrative
Owner,Other
Employer,Other
"Director, Assistant Treasurer & Fuel",Other
Information systems implementation support,Customer Support
Executive Vice President / Prokurist,Other
Chairman / Partner,Other
Sales manager for container technology,Sales
Director of Sales,Sales
Project Manager,Project Management
Director Business & Sales Development Services EMEA,Business Development
Style Consultant,Consulting
Business Owner,Other
Commercial Director,Other
lawyer,Other
"Writer, Editor, Publisher",Marketing
Music teacher (StR z. A.),Other
Managing Partner / Founder,Other
Consultant,Consulting
Visiting Professor of Finance,Other
Managing Director of the holding company,Other
Software Engineering Team Lead,Information Technology
Assistant Treasurer Real Estate,Other
Systems Analyst,Information Technology
Clerk in keywording/return mail,Purchasing
Head Of Business Consulting | Content & Digital Assets,Other
Workplace group leader,Information Technology
Product Owner Online Ordering,Other
Intelligence Operations Manager,Other
Vice President,Other
"Project management, organizational development",Project Management
Assistant shop Manager,Other
Head of Digital Excellence,Marketing
Hospital CEO,Other
Bid Manager,Sales
Product Director,Marketing
Human Resources Manager,Human Resources
Permanent lawyer,Other
Market researcher,Marketing
Finance Director Germany | Prokurist,Other
Program Analyst (Immigration),Project Management
Member of the Board of Management,Other
Strategic Resources Director,Business Development
Consultant,Consulting
Software Developer,Information Technology
Self-Employed at Kodestuen ApS,Other
"Regional representative for the Club of Saxony, Thuringia, Saxony-Anhalt South",Other
Project leader,Project Management
Functional Team Lead,Other
Country Director,Other
Network & Ground Operations Coordinator,Other
Managing Director,Other
"Director Finance & Controlling / Authorized Officer (Head of Department with responsibility for IT, Purchasing)",Other
Product manager,Project Management
CEO,Other
IT consultant,Information Technology
Store manager,Purchasing
Founder,Other
Managing Partner,Other
Business Development Consultant,Consulting
Executive Managing Director,Other
Head of Group Capital Markets/ Trading & Institutional Sales,Sales
Member and Deputy Chairman of Board of Appeal,Other
Enterprise Consultant,Consulting
Nurse,Other
Owner,Other
Logistics team leader,Other
Regional Manager Banking Services Baden-Württemberg,Sales
Construction manager,Project Management
Managing Director,Other
Senior Managing Consultant,Consulting
Development engineer,Information Technology
Project manager,Project Management
Managing Director / Head of Travel Galeria Karstadt Kaufhof,Other
Director,Other
Supply Chain Analyst,Other
Board Member (honorary),Other
Project Manager - Store/Warehouse Design and Merchandising,Project Management
Head of Startup Engagements for S/4HANA and Digital Supply Chain,Business Development
Managing Director,Other
Associate,Other
IT Infrastructure and Hosting Manager,Information Technology
Head of Marketing and Sales: Promoting label-free cell analysis technology,Other
Associate Pastor,Other
Sabbatical & Relocating from Switzerland to New York,Other
Marketing Communications Managerin,Marketing
Head of Logistics,Other
Junior Business Analytics Manager,Information Technology
Engineering Program Manager,Project Management
Tax team leader,Other
Founding Partner,Other
Project Director,Project Management
Insurance salesman,Other
Transport/Logistics operations manager,Other
Key Account Manager,Sales
lawyer,Other
deputy head of department,Other
Logistics Antwerp | Assistant Logistics Solutions,Other
Head of E-Commerce,Marketing
Agency owner,Other
Business Development Manager,Business Development
Senior Manager Head of Treasury,Other
Human Resources Consultant,Consulting
Clinical Director - Clinical Consulting and Education,Consulting
Conceptionist,Marketing
Chief Financial Officer / Controlling (CFO),Other
Commercial director,Sales
Council member,Other
Account Executive Networking,Sales
Marketing Director,Marketing
Business owner,Other
Account Manager,Sales
Director Code Nomads Amsterdam,Information Technology
Customer Care Representative,Customer Support
Senior Vice President and Head of Technology,Information Technology
Corpotate Product Strategy,Consulting
General Manager Video Solutions,Other
Plant Production Manager,Other
Senior Audit Associate,Other
Senior Consultant,Consulting
Value-oriented leadership training,Consulting
Senior Consultant Infrastructure Architect / SAP Infrastructure,Consulting
System administrator,Information Technology
Technical clerk / testing assistant,Administrative
CIP Agent,Other
Head of Technology,Information Technology
designer,Other
Dualer Student Digital Business Management,Marketing
Retail Marketing Management,Marketing
Head of Engineering,Information Technology
HVAC Clean and Process Solutions Project Manager,Project Management
Executive Director at Adform s.r.o.,Other
Head of Account Management,Sales
CEO,Other
"Deputy Operations Manager, Therapy Manager and FOL",Other
Vice President & Chief Financial Officer,Other
Founder,Other
Ariane 5 Attitute Control System (SCA) development Leader,Information Technology
Marketing-Controller,Marketing
Founder and owner,Other
Junior HR Services & Resolution specialist with French,Human Resources
Started into the Golden Years and have unlimited time for enjoy my life.,Other
Consulting/Sales WinBack GmbH,Consulting
Board member,Other
Head of earthmoving machinery logistics,Other
Lead engineer/group coordinator,Information Technology
Group manager,Other
Enterprise IT Systems Specialist,Information Technology
Service employee,Customer Support
Chief Financial Officer,Other
Vice President Sales & Member of the Board,Sales
Regionaler Key Account Manager,Sales
Project manager,Project Management
Fleet Telematics System Administrator,Information Technology
Teacher,Other
Senior Account Manager Public Clients,Sales
Global Cluster Manager Procurement,Purchasing
lawyer,Other
Team management - spare parts,Purchasing
Head of Technical Compliance,Other
Maintenance Engineer,Other
Software Consultant,Consulting
Station Commander RAF Benson,Other
Managing Director,Other
Head of Account Management CEMEA,Sales
General Manager,Other
Assistant Chief Engineer - OBC/DCDC,Information Technology
Interior design consultant,Other
SAP HCM Consultant,Consulting
Senior Asset Liability Manager (Vice President / Prokurist),Other
Consultant,Consulting
Client Service Director,Customer Support
Head Of Product Management,Other
Senior Manager Product Development,Information Technology
Subsidized finance consultant,Consulting
Lead Software Engineer,Information Technology
Communications Director,Marketing
CTO & Head of Delivery,Information Technology
Chief Researcher,Information Technology
Global project engineer,Project Management
Key-Account-Manager,Sales
Partner,Business Development
Software Developer,Information Technology
CEO Krüger Kommunikasjon AS,Other
Research Associate and Doctoral Candidate,Other
Sales Representative,Sales
Research Scientist,Information Technology
Head of Procurement,Purchasing
HR Senior Manager,Human Resources
"Dipl.-Phys., Dr. rer. nat., science. employee",Other
EQUITY TRADER,Other
Researcher,Other
Diploma engineer,Other
Visiting Assistant Professor,Other
Divisional Manager-Preconstruction,Project Management
Supply Chain Manager,Other
Software developer,Information Technology
Offshore Procurement Program Manager,Purchasing
Human Resources Manager,Human Resources
"Vice President, National Sales Manager",Sales
Member of the Management Board / Commercial Director SPIE Energy Solutions GmbH,Other
Manager Online Marketing,Marketing
Maintenance agent,Other
Global Demand Manager,Purchasing
Commercial Director,Other
Art director,Marketing
IT Recruiter,Human Resources
Managing Partner CEO,Other
Maintenance & Engineering Manager,Information Technology
Store Manager,Other
Member of the Supervisory Board,Other
Embeded Systems Programmer,Information Technology
Schornsteinfegermeister,Other
Director - Sales & Marketing,Other
Head of Global Application Management,Information Technology
Senior UX Designer,Information Technology
Senior Specialist Digital Supply Chain Management,Other
System administrator / the database,Information Technology
Manager Bid & Offermanagement,Sales
Development group leader,Information Technology
Project manager for inventory development for properties in the city of Zurich,Project Management
legal counsel,Other
technical Field service,Sales
Category Manager (Strategic Commodities),Purchasing
Founder and owner,Other
HGF,Other
Managing Director & Co-Founder,Other
Quality Engineer,Information Technology
Cyber Instructor and Analyst Advisor,Information Technology
business manager,Other
Consultant,Consulting
Executive Assistant,Administrative
Audit Associate,Other
Sub-Manager Coordination & Planning,Project Management
Managing Director (COO),Other
Account Dirctor,Sales
Co-Executive Director,Other
Responsable SEBLab,Other
Store Manager,Other
Managing Director,Other
Student Assistant,Other
National Senior Dental Director of Clinical Affairs & Analytics,Other
Assistant,Administrative
Head of Personnel Development & Training,Human Resources
Policy Director,Other
Butler,Other
Industrial electrician,Information Technology
Director of School Relations and Contracts,Other
Project Coordinator Finance,Project Management
"Project manager, construction and new construction projects",Project Management
"Materials Manager, Director Strategic Purchasing",Purchasing
Owner,Other
Key Account Manager,Sales
Communications Project Manager Cardio-Metabolic Franchise,Project Management
Head of sheet metal processing department,Other
Omni-channel & E-Commerce Manager at Brothers,Marketing
Head of Embedded Platform Development,Information Technology
Bankfachwirt,Other
IT Project Manager,Project Management
Executive Vice President,Other
Data Analyst,Information Technology
"Trainer and consultant in organization, leadership and project management",Consulting
Trainee Solicitor,Other
New Business Director,Business Development
Procurement Manager,Purchasing
Managing Director,Other
Technology Architect,Information Technology
Assistant General Manager,Other
Senior Underwriting Director,Other
Managing Director,Other
Facility Coordinator,Administrative
Member,Other
Strategic communications specialist,Marketing
Department Lead and Replenishment Buyer,Purchasing
Logistician,Other
Learning Executive,Human Resources
Director of Sales & SDR Germany,Sales
Richard Weiss Investment Team Intern,Other
CEO,Other
Chief Operating Officer,Other
Cleaner,Administrative
Sales Manager,Sales
Project Manager,Project Management
"Next update coming on October 1, 2024",Other
dipl. Civil engineer FH/STV,Other
Chief Financial Officer,Other
President,Other
HR-Manager International,Human Resources
Senior physician orthopedics and trauma surgery,Other
Quality manager,Project Management
Principal,Other
Consultant,Consulting
Senior Business Development Manager,Business Development
VP R&D China,Other
Project Manager,Project Management
"lian da information technology co., LTD",Other
Owner,Other
Co-Founder,Other
U.S. Army,Other
Owner,Other
Non Executive Director - Member of the Supervisory Board,Other
Construction official,Other
"VP Global Business & Contracts, Bio CMB",Other
Sports Columnist,Other
Change Management Lead,Project Management
Chairman of the Board of Directors,Other
Student BWL/Bank,Other
Founder,Other
Member,Other
Sales Manager,Sales
Solution Architect,Information Technology
Managing Director,Other
Special Security Officer,Information Technology
International Production Editor,Other
Quality assurance,Information Technology
Specialist engineer LST,Information Technology
Senior Project Manager,Project Management
Sales Manager / Head of Sales,Sales
Executive Director,Other
general mgr,Other
Consultant,Consulting
Data Scientist,Information Technology
Sales energy saving contracting,Sales
Principal CEO,Other
IT Consultant,Consulting
Director,Other
employee,Other
Business process analyst Chain Sales Tax,Consulting
Area Manager Sales,Sales
Key-Account-Manager,Sales
In non compete phase,Other
Branch Manager,Other
Business Development Agent,Business Development
Envelope inserter,Administrative
Business Line Leader Sensor Products,Other
Professor,Other
Digital Officer,Marketing
Owner,Other
"Personal Trainer, Group Fitness Instructor and Gym Attendant",Other
General Manager,Other
The Guy,Other
"Executive Director, Human Resources",Human Resources
President CCRG Hauts de France,Other
Key Account Director Europe Middle East & Africa,Sales
Software developer,Information Technology
Senior Design Engineer,Information Technology
System Engineering @ T-VM CloudPBX | CI/CD & Server Automation,Information Technology
Buyer eBike Systems,Purchasing
Electricians,Other
Operations Manager,Other
Merchandise Planner - Accessories,Purchasing
To be just,Other
Business economist,Other
Manager of Network Services,Information Technology
National Account Manager,Sales
Sole Administrator,Administrative
"Marketer, Business Planner",Marketing
"Safety Coordinator, COSS",Other
Scientific Researcher,Other
Set Lighting,Other
Project Manager,Project Management
Dr. phil.,Other
Verantowrtlicher Online/CRM,Marketing
Albert Böcker,Other
Physician Assistant Student,Other
CEO/Founder,Other
IT System Administrator,Information Technology
Project manager - new system for management and control,Project Management
Head of Employment Law and Labour Relations,Other
Human Resources,Human Resources
Head of Marketing,Marketing
Work planner for international gearbox assembly,Project Management
Internship 3D printing FDM (Bachelor thesis),Information Technology
Waiter & Bartender,Other
Head of Corporate Development/Franchise,Business Development
Member of the Advisory Board,Other
Key Account Manager,Sales
Innovation Lead,Other
CFO,Other
Application Engineering Manager,Information Technology
Environmental Education Intern,Other
Revern Linda Bell,Other
General Manager,Other
worker health and safety,Other
Managing Director,Other
Design Director Industry and Healthcare,Other
Technical Team Lead,Information Technology
Product Development,Other
Manager: The Orchard Serviced Office Suites,Administrative
Senior Inbound Consultant,Consulting
Project Manager Preseed | Seed Financing - Innovative Solutions,Project Management
Senior Manager - Global Products and Product Line Engineering,Information Technology
Speech-Language Pathologist,Other
Junior Web Developer,Information Technology
Team leader CRM,Sales
LEAN Manager and Change Moderator,Project Management
Retail Group President,Other
Web Master,Information Technology
Trainer/coach,Project Management
Product/Purchasing Manager at Van Raak Staal,Purchasing
Right referendum,Other
Structural Project Engineer 2,Project Management
Business and sales manager,Sales
Engineer,Information Technology
Tub master,Other
Sales Manager,Sales
Junior Interior Designer,Other
Senior Business Consultant Information Security & Data Protection,Consulting
Digital Workplace Consultant,Consulting
"electrician, installer and tester",Other
"Director Corporate Controlling, Teamleitung Controlling und Reporting",Other
Group Managing Director,Other
Hospital director,Other
Senior Consultant | Technology Strategy & Transformation,Consulting
New Introduction Manager,Sales
Snickers workwear product specialist & Account manager Copenhagen,Sales
Lead dispatcher,Purchasing
"Board Member, CFO / Asset Management",Other
CEO,Other
"Director, Financial Planning & Analysis",Other
Radar systems technician,Information Technology
Vice President IT,Information Technology
Head of football group TIL Hovding,Other
Corporate Sales Manager,Sales
Strategy plans,Consulting
Business Manager Customer Support EMEA,Customer Support
Delivery Driver,Other
Prime Finance - Product Development & Client Facing Technology,Other
Head of Accounting & Controlling,Other
HR Manager,Human Resources
Advancement Database Manager,Information Technology
Study Referendar (Music),Other
Co-Founder,Other
Senior Corporate Manager,Business Development
Visiting Scholar,Consulting
Managing Director,Other
Software Engineer,Information Technology
Assistant Treasurer Real Estate,Other
Director of TN Operations,Other
Employee in the office service,Administrative
Portfolio Manager,Other
Microsoft Exchange Administration,Information Technology
Employee Digital Experience and Market Applications,Marketing
Intelligence Operations Analyst,Other
Senior Project Manager,Project Management
Architect,Other
Personnel manager,Human Resources
Global Digital Excellence Manager,Marketing
Hospital CEO,Other
IT ServiceDesk,Information Technology
Group leader IT operations,Information Technology
Senior Consultant- Professional& Executive Search Division,Consulting
Legal representative,Other
Senior Project Manager,Project Management
Head of Finance & Administration,Other
"Multiple Roles - Senior Program Manager, Supervisory Team Lead, Analyst",Project Management
Senior Vice President - Division Chassis Technology,Other
Head of Research,Other
Project Manager,Project Management
Founder and co-owner,Other
Regional representative for Club Bavaria,Other
Tendermanager,Purchasing
Head of Human Resources,Human Resources
Station Manager PMI Station,Other
Finance Director / CFO,Other
Senior Project Manager,Project Management
CEO,Other
Technical sales representative,Sales
CFO,Other
Managing Partner,Other
MD / Adm. Director,Other
Company Owner,Other
Head of Group Securities Markets,Other
Patent Examiner,Other
Solutions Architect,Information Technology
Nursing student,Other
Rental car return shift manager,Other
Payments expert,Other
Head of Design & Development,Information Technology
Managing Director,Other
Managing Director,Other
Marketing Manager Radio Disney Brazil,Marketing
Managing Director,Other
Equity Research,Consulting
Supply Chain Analyst,Other
Product Manager Trackguard Sinet,Project Management
Business Systems Analyst 2,Information Technology
VP & Head of Future of Work Go-to-Market,Marketing
Head of Logistics / Project Manager,Other
M&A/Corporate Finance Analyst,Other
Interim Head of IT Engineering,Information Technology
Providing marketing services for the chemical industry,Marketing
Senior Manager Global Sales Cargo,Sales
Trainee/ Junior Marketing Managerin,Marketing
Head of Logistics,Other
Trainee Data Analytics,Information Technology
Customer Program Manager,Customer Support
Senior Associate,Other
General contractor and construction consultant,Consulting
Business manager,Sales
Purchaser,Purchasing
Partner,Business Development
Team leader,Other
Logistics Wesseling | Head of Forwarding Department,Other
Category Manager,Purchasing
International Business Development Manager,Business Development
Treasury Manager,Other
Recruiter,Human Resources
Product Line Manager Cardiovascular Information Systems (CVIS),Information Technology
Head Of Marketing,Marketing
Head of Group Controlling,Other
Operations manager,Other
Deputy Head of Quality Management,Project Management
Product Sales Specialist Meraki,Sales
Product Marketing Manager,Marketing
Business owner,Other
Sales manager,Sales
Senior software developer,Information Technology
Office management clerk,Administrative
Senior Vice President Quality Management,Other
Strategy and Cooperations BMW Motorrad,Business Development
Founder,Other
Audit Associate,Other
Consultant,Consulting
Head of Human Resources Development,Human Resources
IT Consultant Datacenter - Microsoft Technology Specialist,Consulting
Gamedesigner,Information Technology
Specialist fitter for hazard alarm systems,Other
Aftersales Manager,Sales
IT Governance & Resource Manager,Information Technology
designer,Other
Group Marketing Management Project,Other
Lead Developer,Information Technology
HVAC business manager,Sales
"Commercial Director Czech Republic, Slovakia and the Balkans",Sales
Teamlead Tech-Support,Customer Support
Head of International Sales & Marketing,Sales
Financial Officer,Other
Managing Director,Other
Procurement Engineer on ESA/ATV space program,Purchasing
"Director IT, Organisation, Strategic Corporate Development",Information Technology
Intern,Other
Owner,Other
Managing Director of Voigt Bakery,Other
Professor,Other
Dispatcher of tower cranes,Other
Freelancer (journalism),Other
Database Systems Specialist,Information Technology
Voluntary,Other
VP Business Development - Consultancy & Training,Business Development
Vice President Sales,Sales
Account-Manager,Sales
Asplundh Tree Expert - Project Manager,Project Management
Trainee Teacher,Other
Senior Account Manager Public Sector,Sales
Senior Commodity Manager Specialist,Purchasing
Team management - spare parts/conversions,Purchasing
Program Manager,Project Management
Software Consultant,Consulting
Station Commander RAF benson,Other
"Head of Business Development, Chairman of the Board of Directors",Business Development
Client Relations and Events Manager EMEA,Marketing
Design & Communications Manager,Marketing
Center of Competence Leader - Diesel Filtration System,Other
Interior design consultant,Other
Banking Book Risk Manager,Other
Account Specialist Inhouse Service,Customer Support
Manager Marketing Consulting,Consulting
Product Manager,Project Management
Director Design,Marketing
Assurance FSO: Audit,Consulting
Java Developer,Information Technology
Reporter,Other
Managing Director,Other
Phd Student Lecturer,Information Technology
Associate Partner,Consulting
Software Developer,Information Technology
Board Member,Other
Visiting Research Scholar,Consulting
Sales,Sales
Course Instructor,Consulting
Head of Purchasing and Procurement,Purchasing
Acting HR manager Deloitte Sweden AB,Human Resources
Vice President,Other
apl. Professor (adjunct professor),Other
Senior Lecturer,Other
Divisional Manager,Other
Werkstudent Supply Chain Management,Other
Team Leader Research & Development,Information Technology
Head of Standards and Reporting,Other
Human Resources Manager,Human Resources
Vice President,Other
Commercial Director SPIE GfT GmbH,Other
Concept Developer,Other
Marketing & International Business Studies (MIBS),Other
Business Development Manager,Business Development
Graphic designer,Marketing
Manager of Corporate Electrical & Instrument Engineering,Information Technology
Business Process Management Consultant,Consulting
owner,Other
Director - Sales & Marketing,Other
Senior Manager GLOBE,Other
Creative leader,Marketing
Central Artwork Manager - Agricultural Solutions,Marketing
Promotion,Marketing
Fachlead / Professional Lead Bid & Offer Management,Project Management
Development group leader,Information Technology
Board member,Other
lawyer,Other
Strategic Sourcing (Subcontracting),Purchasing
Founder & owner,Other
PhD Student,Other
Product Engineer for MEMS Sensors,Information Technology
System Analyst,Information Technology
business manager,Other
Financial Analyst Intern,Other
Project Manager,Project Management
Lawyer (Partner),Other
Media manager,Marketing
Senior Associate Dean & Professor of French,Other
Energy Innovation Center Manager,Other
DEPARTMENT MANAGER,Other
Working student,Other
Dental Director- National Clinical Oversight,Other
C O Infrastructure Asset Management / GT “road equipment management strategy”,Other
Head of training and promotion of young talent,Human Resources
Research Director,Other
Head of row,Other
Director of Professional Relations,Other
Collections Analyst Premium DE,Other
Project manager,Project Management
Materials Manager,Purchasing
ACI - Adobe Certified Instructor,Other
General Manager,Other
Project Manager Development Communications,Project Management
Key-Account-Manager,Sales
E-Commerce Manager,Marketing
Head of Software,Information Technology
Bank clerk,Other
Project Management Coach,Project Management
Vice President,Other
Senior Managing Partner,Business Development
Owner,Other
Legal Assistant,Other
Manager motorclaims,Other
Data Architect,Information Technology
"SVP, Chief Underwriter",Other
Head of Strategic Markets,Business Development
Window construction project manager,Project Management
Director,Other
Project manager “Comprehensible language/framing/message management”,Project Management
Excel Order Form Specialist,Administrative
In-company training,Other
Senior Systems Engineer,Information Technology
Business-Manager,Other
Operations Clerk,Administrative
Assistant Vet.med,Other
Office Administrator,Administrative
Sales Manager,Sales
Team Leader,Other
Senior Field Application Engineer,Sales
Group Financial Controller,Other
HR Assistant Manager,Human Resources
Assistant to the business and operations management,Administrative
Co-Founder,Other
CEO,Other
Consultant,Consulting
"Managing Director Autotech Engineering (Shanghai), R&D Director China of BU Chassis and BiW, Gestamp",Information Technology
Graduate Management Program,Other
Independent Consultant,Consulting
Advisory board member,Other
Defense Venture Fellow,Other
Area Manager,Sales
Chief Executive Officer,Other
Head of Legal & Compliance Germany,Other
Portland Trail Blazers beat writer/general sports columnist,Other
Global Manager Training and Collaboration,Project Management
Board member,Other
Mental Performance Consultant | Hapoel Tel Aviv,Consulting
Member,Other
Specialist range management for home textiles,Purchasing
Tool Product Manager,Project Management
General Manager Global LC Service,Customer Support
CID Chief Shop Steward (Retired),Other
Production Editor,Other
BiKo President,Other
Specialist engineer LST,Information Technology
CorporateManager Operational Development,Business Development
Export Manager,Other
Senior Consultant,Consulting
"Director of Operations, Process, Change Management & IT",Project Management
Marketing and communications consultant,Marketing
Project Manager,Project Management
Master's Thesis,Other
Principal Business Process Consultant / Automotive Consulting Solution,Consulting
Logistics,Other
Product owner Risk models Sales tax and payroll taxes,Project Management
Nationaler Key-Account-Manager,Sales
Key-Account-Manager,Sales
"Senior Partner, IBM iX Leader DACH",Consulting
Branch Manager,Other
Advisor,Consulting
Mover,Other
CMOS Development Leader,Information Technology
Private lecturer,Other
Project manager social media,Project Management
Client Implementation Manager,Consulting
Group Fitness Instructor and Personal Trainer,Other
"Senior Director, Leadership Development",Human Resources
Sales Manager,Sales
Software developer,Information Technology
Senior Electronics Engineer,Information Technology
System Engineering @ TDI | Edge Computing & Server Infrastructure,Information Technology
Advanced Purchasing,Purchasing
Instructor warehouse/trade,Other
Product Supply Manager - Accessoires,Purchasing
Managing Director,Other
Procurator,Other
Infrastructure Administrator II,Information Technology
Commercial General Manager,Sales
Customer Solution Consultant B2B,Consulting
Floorhand,Other
Scientific Researcher,Other
Set Lighting,Other
Assistant,Administrative
"Teacher: History, Ethics, French",Other
Medical Technician,Other
sales manager,Sales
Quality controller,Information Technology
Senior Legal Counsel,Other
Manager Marketing & Sales,Other
Service engineer for repair orders,Customer Support
Machine Operator Injection Moulding,Other
Cook,Other
Head of Expansion,Business Development
Member of the Advisory Board,Other
Senior Innovation Manager,Other
CEO,Other
Application Development Specialist & Technician Supervisor,Information Technology
Student Research Assistant,Other
Security Officer,Information Technology
"Associate Director, Digital Analytics",Marketing
Intern,Other
Member of the Executive Board,Other
Director Industrial Design,Other
Technical Consultant,Consulting
Event Coordinator: Speaker and Abstract Manager,Marketing
Inbound Consultant,Consulting
BBO and investment premium,Other
Senior Global Product Manager,Project Management
Ambulatory Manager,Other
IT Intern,Information Technology
"Project management, senior consultant",Consulting
Project Manager - Engineering - Customer Satisfaction Management,Project Management
General manager,Other
Internet Services Manager,Information Technology
Training actor and trainer,Consulting
Strategic buyer,Purchasing
Marine Designer,Other
Sales Manager MTC,Sales
Indonesian Joint Venture,Other
Key Account Professional,Sales
Associate Interior Designer,Other
Business Consultant Information Security & Data Protection,Consulting
Group controller,Other
Head of performance development/cooperation management AMEOS Group,Business Development
Consultant | Technology Strategy & Architecture,Consulting
Seller KBH + Product specialist Snickers workwear,Sales
Logistics Coordinator & Customer Service Lubbers Germany,Customer Support
"Board Member, CFO / Asset Management / IT / Customer Service",Other
Managing Director,Other
"Senior Director, Finance",Other
Director IT Consultancy,Consulting
Dual Sales Manager Hilton Garden Inn/Holiday Inn Express,Sales
Project Manager,Project Management
Field Manager Customer Support Europa,Customer Support
Volunteer,Other
Director,Other
"Member of the Board, Frankfurt School Stiftung",Other
HR manager,Human Resources
Advancement Database Coordinator,Administrative
Partner,Business Development
Executive Director HR Services,Human Resources
"Dean, School of Business",Other
Executive Assistant,Administrative
Software Project Manager,Project Management
Project Leader/Business Analyst,Project Management
Training as a finance and accounting assistant,Other
Head of Business Consulting,Consulting
Collaboration administrator,Administrative
Employee Webpage Management,Information Technology
Senior Project Manager,Project Management
Architect,Other
Sales clerk,Sales
Head of IT Management DACH,Information Technology
Referent,Other
"Syndication and securitization of special financing, asset backed securities and CDOs",Other
IT coordinator with a focus on intranet/internet/extranet and collaboration,Information Technology
Human Resources Manager,Human Resources
Scholarship holder,Other
Professional Freelancer,Other
Financial Controller,Other
eDiscovery / Document Review Attorney,Other
Executive Vice President,Other
Project Manager Market Research & Methodology,Project Management
Network Solutions Director,Information Technology
Microsoft .NET & Dynamics CRM Consultant,Consulting
Political Officer I Office Manager European Office,Other
Owner,Other
Shift Staff / Shift Manager,Other
Manager Finance (Accounting&Controlling),Other
Project Manager,Project Management
CEO,Other
Automotive glazing technician,Other
Portfolio Manager,Other
Managing Partner,Other
"COO, Factory Director",Other
President Advisor,Consulting
Head of Group Fixed Income Trading,Other
European patent attorney trainee,Other
Senior Citrix Engineer,Information Technology
Nursing student,Other
Renovation workers,Other
"Electronic banking services, IT administration, organization",Information Technology
Department manager,Other
CEO,Other
Senior Consultant,Consulting
Senior Communications Coordinator,Marketing
CEO,Other
Credit Risk Analyst,Other
Data Analyst,Information Technology
Risk Manager,Other
Business System Analyst,Information Technology
VP & Head of SAP Leonardo Machine Learning Business Development,Business Development
IT-Leiter,Information Technology
Junior Analyst (Private Equity Investment Team),Other
Senior IT Network Analyst,Information Technology
Market Intelligence Manager,Marketing
Head of Cargo Northeast-/Midwest USA & Canada,Other
Intern Product Management / Marketing,Marketing
"Employees for sales, advertising and PR",Marketing
Customer Business Manager/Program Management Lead,Project Management
Independent entrepreneur,Other
"Operation, chartering, commercial, invoicing",Other
Associate Partner,Consulting
Administrative employee,Administrative
Logistics Wesseling | Junior Project Manager,Project Management
Travelling,Other
International Business Development Manager,Business Development
Cash-Manager,Other
Associate HR Recruiter,Human Resources
CIO,Information Technology
Brand Manager,Marketing
Various managerial positions and project management in the finance/controlling department,Other
Buyer,Purchasing
Serviceberater,Customer Support
Account Manager,Sales
employee,Other
Sales manager,Sales
Software Craftsman,Information Technology
Vice President,Other
Business Development,Business Development
Steering Board Member,Other
Promotions Team,Marketing
Associate Consultant,Consulting
ESD line,Other
IT-Administration,Information Technology
Bellperson,Other
"COO, FNZ Deutschland Technologie GmbH",Other
Mechatronics engineer,Other
Sales & Marketing Manager,Other
sabbatical; Parenting my newborn (parental leave),Other
Developer,Information Technology
"Business Development Director CZ, SK, SI, CR, SRB, BIH, MNE",Business Development
Support Agent,Customer Support
Sabbatical,Other
Plant Controller | Cost Accountant,Other
CFO,Other
Test Engineer (Mechanic & Thermic),Information Technology
Management Consultant,Consulting
Surfing instructor,Other
General Manager Pumilia Turbine Services & Project Management,Project Management
"Application consulting and sales, East sales office, WinBack GmbH",Sales
Head of the laboratory for high voltage and high power pulse technology,Other
Intern,Other
Freelancer (journalism),Other
IT Infrastructure Planning Specialist,Information Technology
Local coordinator,Administrative
Corporate Director Business Development,Business Development
Senior Manager Key Account Management International,Sales
Stay abroad,Other
Account Manager,Sales
Service National,Other
Senior Account Manager Healthcare,Sales
Senior Commodity Manager Specialist,Purchasing
Aftersales service assistant,Customer Support
Lead Engineer Commissioning and Qualification,Consulting
OC 33 Sqn,Other
Client Relations and Events Co-ordinator,Marketing
Senior Graphic Designer,Marketing
Project Manager / Engineer - Fuel & Vapor Systems,Project Management
Sole owner,Other
Trainee Financial Markets Division,Other
Onsite Manager,Administrative
Senior Markenberater/ Senior Brand Consultant,Marketing
Senior IT Product Manager,Project Management
Project Manager Sales,Sales
Facilitated Finance Consultant,Consulting
Software Developer,Information Technology
Reporter,Other
ICT Manager,Information Technology
Managing Director,Other
Senior Managing Consultant,Consulting
"Executive Vice President,Special Adviser",Other
Research Fellow,Other
Acc/Territory Manager,Sales
Research Assistant,Other
Purchasing Manager,Purchasing
HR manager,Human Resources
Vice President NYSE,Other
Private lecturer,Other
Visiting Scholar,Consulting
Territory Manager,Sales
Werkstudent global Supply Chain Management,Other
IT project manager,Information Technology
Internal Project Lead,Project Management
Human Resources Manager,Human Resources
Vice President,Other
Commercial Manager South West Branch of SPIE Energy Solutions GmbH,Other
"Concept designer, project manager, management",Project Management
Graduate Program Sales,Sales
Maintenance & Engineering Manager,Information Technology
Business Operations Analyst,Other
Head of Operations,Information Technology
Managing Director,Other
Executive advisor,Consulting
Webdesigner/frontend developer,Information Technology
Dualer Student,Other
Project Manager Presales/ Bid Manager,Project Management
Team leader,Other
Board of Trustees Metron Foundation for Employee Benefits,Other
a.o. Court clerk,Other
Chief Buyer,Purchasing
Business Area Manager IT (CTO),Information Technology
Research Assistant,Other
Cyber analyst,Information Technology
Authorized signatory,Other
Student Body President,Other
Lawyer (Associate),Other
Media plans,Marketing
Assistant Professor of French,Other
Responsable Innovation,Other
Trainee,Other
Medicare Clinical Oversight,Other
member of the special committee NF Service 435,Other
"Management, independent consultant and trainer",Consulting
Researcher,Other
Head waiter Kieffer caterer,Administrative
Senior Consultant,Consulting
Collections Analyst,Other
Head of department,Other
Manager Production Planning,Other
Desktop Publisher,Marketing
General Manager,Other
"Senior Communications Manager, Rasilez",Marketing
Sales Manager & Product Engineer,Other
Export Manager - Under Armour,Other
Head of Software Development,Information Technology
Senior Analyst,Other
President,Other
Managing Director,Other
Intern,Other
Claims Manager,Other
Senior Engineer,Information Technology
"AVP, Associate Chief Underwriter",Other
Director,Other
Team leader “Campaign planning and strategic communication”,Marketing
Order Entry,Administrative
Freelance Photographer,Other
Managing Director & Authorized Signatory,Other
Teller,Administrative
Student Assistant Vet.med,Other
Office management,Administrative
Technical-scientific employee,Information Technology
Project Manager,Project Management
Senior Business Development Manager - Emech for Germany South-West & Switzerland,Business Development
Finance controller,Other
Intern,Other
Clerk,Administrative
Finance Partner,Other
Managing Director,Other
Regional Sales Manager,Sales
Head of Business Unit Structures China & Technical Director Business Unit Structures Asia Pacific,Other
Logistics Associate,Other
Managing Director,Other
Managing Partner,Business Development
Operations Officer,Other
Member Executive Committee & Head Catalysis & Energy & Functional Materials,Other
Head of Legal Branch Biberach,Other
Sports columnist,Other
Head of Factory Order Management,Purchasing
Executive Assistant/Head of Department,Administrative
Founder,Other
Member,Other
Specialist range management for carpets/home textiles,Purchasing
System Engineer,Information Technology
General Manager LC Service,Customer Support
Detective Grade One (Retired),Other
Production Editor,Other
General Manager,Other
Consultant,Consulting
"Operations Manager, M&A & Integration",Other
Internal Project Manager Corporate Affairs,Project Management
Working Student,Other
SAP consultant,Consulting
Logistics,Other
Sales Tax/Transfer Tax Handling Officer,Other
Assistent im Key Account,Sales
Global Lead Account Partner VOLKSWAGEN Group,Sales
Managing Director,Other
Advisor,Consulting
CMOS Design Engineer,Information Technology
The Social Media Strategy,Marketing
Process Business Analist,Business Development
Fitness Trainer,Other
"Director, Human Resources",Human Resources
Technical Manager,Information Technology
Software developer,Information Technology
Senior Electronics Engineer,Information Technology
Senior Buyer,Purchasing
Shift manager,Other
Commercial clerk purchasing/procurement/production control,Purchasing
Presidium,Other
CFO,Other
Lead Network Engineer,Information Technology
Business Development Director,Business Development
"Project manager, Solution advisor",Consulting
Roustabout,Other
Student Assistant,Other
Set Lighting,Other
"Teacher: History, Ethics, French",Other
Medical Laboratory Technician,Other
sales manager,Sales
Management Consultant Public Administration,Consulting
lawyer,Other
Phd Student,Other
Cutting mechanic,Other
Reporter and researcher,Other
Expansionsmanager,Business Development
Intern,Other
Research Associate,Consulting
Application Development Specialist,Information Technology
Academic tutor,Other
Digital Performance Director,Marketing
COO,Other
Guest Lecturer,Consulting
Senior Software Developer,Information Technology
Events Executive (and Client Services),Marketing
"Onboarding Specialist, Level 2",Human Resources
Brand Ambassador,Marketing
Director of North American Operations,Other
Senior Advisor,Consulting
Project Engineer Process Technology - Technical Sales Primary,Sales
Deputy General Manager,Other
Purchaser,Purchasing
Co-trainer/training actor,Other
Buyer,Purchasing
Hull Structures Engineer 2,Information Technology
Sales Manager,Sales
Machine operator,Other
Head Project Manager,Project Management
Interior Design Intern,Other
IT-Leiter,Information Technology
Head of mandate management department,Consulting
Hospital Management Board Task Force,Other
Working Student Transaction Advisory Services,Consulting
Sales,Sales
Head of Finance Department (Asset Management / Accounting),Other
"Director, Finance",Other
Segmentleiter IT Applications & Service,Information Technology
Director of Sales,Sales
Project Manager,Project Management
European Service Manager,Customer Support
Vice President,Other
Authorized signatory,Other
Human Resources & Legal Officer,Human Resources
Research Project Manager,Project Management
Human Resources Manager,Human Resources
Rick Muth Family Endowed Professor of Family Business,Other
Software Project Manager,Project Management
Information Security Risk Assessment - Program Manager,Project Management
Training as an office clerk,Administrative
Senior Business Analyst,Consulting
Intern Corporate Media and International PR,Marketing
Senior Project Manager,Project Management
Head of IT Management DACH,Information Technology
Executive Assistant,Administrative
International and National Corporate Accounting Specialist,Other
Emergency Manager,Other
Head of Recruitment (onsite recruiter/ Lugera& Makler),Human Resources
Trainee,Other
Junior Project Manager,Project Management
European Management Accountant,Other
Attorney,Other
Consultant - Düsseldorf / Chicago Office,Consulting
Project Manager Research,Project Management
Development Team Leader,Information Technology
Research assistant,Other
Project leader,Project Management
Administration / Ware house manager,Administrative
Manager Finance (Accounting&Controlling),Other
Functional owner in the area of ​​diagnostics and system functions,Information Technology
Management Consultant,Consulting
Patrolman,Other
Trader,Other
Supervisory Board,Other
"COO, Supply Chain Director, Co-owner",Other
Assessor,Other
"Various management positions in Trading, Structuring and Alternative Investments",Other
Research Chemist,Other
Senior Consultant,Consulting
Nursing student,Other
Field sales representative,Sales
"Electronic banking services, IT administration, organization, controlling, accounting",Other
Technician,Information Technology
Impulse generator at KAISERSCHOTE GmbH,Other
Press Advisor,Marketing
Head of Purchasing Central Europe,Purchasing
Financial Analyst,Other
Customer Service Assistant,Customer Support
Head of Service Coordination,Customer Support
Head of Global Supply Chain Services,Other
IT-Leiter,Information Technology
Student Risk Management,Other
Learning Technologist,Information Technology
Marketing Manager,Marketing
Head of Cargo Northeast USA & Canada,Other
Intern Recruitment & Employer Branding,Human Resources
Volunteer in project development and controlling,Project Management
Demand Planning Manager,Purchasing
Director of Operations and Construction,Project Management
Commercial,Other
Logistics Wesseling | Scheduler and Key User,Other
Key Account Private Label,Sales
Customer Development,Business Development
Treasury Operations,Other
Human Resources Intern,Human Resources
Work and Travel,Other
Operations manager,Other
Customer Service Manager,Customer Support
Geo Territory Account Manager,Sales
Supervisory Board,Other
Freelancer,Other
Solution Architect,Information Technology
Senior Project Manager,Project Management
Sales & Marketing,Other
Head of Realtime Vision components and applications,Information Technology
employee,Other
Graduate Consultant,Consulting
Quality Assurance,Information Technology
Management Consultant,Consulting
Mechatronics engineer,Other
Sales & Marketing Director,Other
CTO,Information Technology
Business manager,Sales
Head of Online Sales,Sales
Director Business Development & Strategy EMEA | Brazil | Australia,Business Development
Executive Director,Other
Satellite payload Development and Industrialisation Engineer,Information Technology
Surfing instructor,Other
Overall Construction Manager Turbines OCM Turbines,Other
Overall production manager,Other
Program representative for the Master's program in Energy Systems Technology,Other
Student employee,Other
IT Infrastructure Planning Specialist,Information Technology
Maid,Administrative
Senior Account Manager,Sales
Manager Key Account Management International,Sales
Project manager,Project Management
Strategic Account Manager,Sales
Contract teacher,Other
Sales Assignio (HealthVault) healthcare platform,Sales
Head of Metal Purchasing,Purchasing
Merchant for forwarding and logistics services,Other
Senior Validation Scientist,Information Technology
Client Relations Executive,Customer Support
Master's thesis,Other
Senior Brand Consultant,Consulting
Product Owner & Teamlead,Project Management
Senior Engineer,Information Technology
Sales clerk,Sales
Research and Development,Other
Project Engineer,Project Management
Desk Officer,Administrative
Executive Vice President Communication,Marketing
Fulbright Scholar,Other
Intergrated Logistics,Other
Buyer,Purchasing
"Personnel manager, HK Service Posten's head office",Human Resources
Senior Principal Key Expert CT,Information Technology
Visiting Scholar,Consulting
Regional Sales Manager,Sales
student technical internship,Information Technology
Head of Software Development Department,Information Technology
Internal Project Lead at Siemens Wind Power,Project Management
Human Resources Manager,Human Resources
Commercial Head of the South West Region of SPIE Energy Solutions GmbH (formerly HOCHTIEF Energy Management GmbH),Project Management
Electrical Superintendent at the Pulp Mill,Other
Business Administrator,Administrative
Associate Partner,Consulting
Managing Director,Other
Manager,Other
Designer/Web developer,Information Technology
Sales representative in the steel trade,Sales
"Business Solutions Support (Blackberry, VPN, IP VPN)",Customer Support
Test engineer,Information Technology
Architect,Other
Strategic Buyer (Grocery),Purchasing
IT-chef,Information Technology
Research Assistant,Other
MI Systems integrator and maintainer ( 35T ),Information Technology
Consultant,Consulting
Vice President,Other
Innovation Project Manager,Project Management
Student Tutor,Other
Dental Consultant,Consulting
Member of the Safety Prevention commission/Member of the DT/DICT observatory,Other
Management,Other
Catering service employee,Other
Special Education Administrator,Administrative
European Junior Team Member,Other
Construction manager,Information Technology
Manager Logistics and Warehouse,Other
More original,Marketing
Product Engineer,Information Technology
Business Area Manager,Other
Business Intelligence Consultant,Consulting
General Manager,Other
Trainer in pedagogy,Consulting
Bartender,Other
Manager marine,Other
Associate Consultant,Consulting
Brokerage Senior Underwriter,Other
"Executive Vice President, General Counsel and Corporate Secretary",Other
Political Communication Officer,Marketing
Support Engineer,Customer Support
Authorized signatory and member of the management board,Other
Janitor,Administrative
Office clerk,Administrative
Technical Advisor,Consulting
Business Development Manager - Interconnect & Cable Assembly´s,Business Development
Head of Finance department/Deputy of CFO,Other
Clerk,Administrative
Research Mathematics,Other
Managing Director,Other
Consultant,Consulting
TD AP,Other
Student Intern,Other
Chairman of the Board of Directors,Other
Ford,Other
Maintenance Technician,Information Technology
Member of the Managing Board - COO,Other
Business Process Specialist,Project Management
F&B Controller,Administrative
Sr. Manager Sales and Partnerships,Sales
Buying Assistant Carpets/Home Textiles,Purchasing
Software Engineer,Information Technology
Production Editor,Other
Assistant General Manager,Other
Office Manager,Administrative
SAP Business Process Consultant,Consulting
Dual Starter Program,Other
Executive Assistant,Administrative
Practice Lead & Partner PLM Services,Consulting
Sales Manager,Sales
ExO Sprint Coach,Consulting
Research Assistant,Other
Creative Director,Marketing
BPM Analyst (Coördinator),Project Management
Spinning® Instructor,Other
"Director, Human Resources",Human Resources
Customer Service Manager/Deputy Branch manager,Customer Support
Web developer,Information Technology
Senior Design Engineer,Information Technology
Strategic buyer of metal parts,Purchasing
Regional logistics manager,Other
Cash Collection Executive,Administrative
lawyer,Other
Accountant,Other
Senior Systems Administrator,Information Technology
President,Other
Customer Sales Specialist B2B,Sales
Electrical Power Production Journeyman,Information Technology
Dr. phil. - German Studies,Other
Medical Laboratory Technician,Other
Economist,Other
Research Assistant,Other
Trainee as a cutting machine operator,Other
Student employee,Other
Expansions Manager,Business Development
Intern,Other
Research Associate,Consulting
Design Engineer,Information Technology
Academic tutor,Other
"Director, Marketing Analytics & Data Services",Marketing
Managing Partner,Business Development
Creative Director,Marketing
Java Developer,Information Technology
Project Assistant and Junior Consultant,Consulting
"Technical Service Consultant for Google Ads, Analytics & Tag Manager",Marketing
Employee,Other
Product Manager,Project Management
Advisor,Consulting
Sales Marketing Coordinator,Marketing
Promotion - Project Co-ordinator,Project Management
Actor and theater maker,Other
Buyer,Purchasing
Naval Architect,Other
Sales Manager,Sales
Production Managent - Production Processes and Development,Other
IT administrator,Information Technology
Head of Accounting and Consolidation,Other
Consultant,Consulting
Consultant,Consulting
Junior at Cleveland Highschool,Other
Team Head Longterm Investments,Other
"Manager, Financial Planning & Analysis",Other
Segmentleiter “Distributionslogistik / IT Application Engineering”,Information Technology
Assistant Director of Sales/Senior Sales Manager,Sales
Research Associate,Consulting
Customer Support Manager Europa,Customer Support
Finance Leader,Other
Principal Advisor,Consulting
Founder and President,Other
Software Engineer,Information Technology
Information Security Risk Assessment,Information Technology
Commercial clerk,Administrative
Expertise Lead Adobe Website/CMS Projects - Senior AX,Information Technology
Senior Project Manager,Project Management
Turnkey Manager DACH,Project Management
Group management IT,Information Technology
Human Capital Consultant,Consulting
Trainee,Other
Assistant Financial Controller,Other
Assistant General Counsel,Other
E-business Consultant,Consulting
Projectorganisator,Project Management
Night Shift Operator,Other
Financial Analyst,Other
Senior Software Engineer,Information Technology
Storekeeper,Other
Portfolio Manager,Other
Managing Director,Other
Director / Co-owner,Other
Consultant,Consulting
Head of Structured Credit and Fund Derivatives,Other
Contractor,Other
Nursing student,Other
"Hunter, signalman (reserve corporal)",Other
Managing Director,Other
Press Advisor,Marketing
General Manager Business Unit,Other
Event Assistant,Marketing
Escalation Manager,Customer Support
Head of Global EWM HUB,Other
"Network administrator, system administrator, webmaster",Information Technology
Volunteer (Internship),Other
Senior Analyst,Other
New Business Development,Business Development
Senior Manager Flight Optimization Cargo,Other
Intern Employer Branding,Human Resources
Senior Program Manager,Project Management
Director of Operations,Other
Customer advisor,Customer Support
Area Manager,Sales
Import Account Manager,Sales
Federal bank employee,Other
Account Executive (Account Manager),Sales
Buyer,Purchasing
Account Manager,Sales
Freelancer,Other
Developer,Information Technology
"Head of Research Group ""Digital Media""",Marketing
Promotions Team,Marketing
IT Support,Information Technology
MD,Other
Sales Manager,Sales
Software developer,Information Technology
HVAC business manager,Sales
Sales & Marketing Director,Other
Sales Controller Austria | CEE & Strategic Project Manager,Project Management
Director Finance,Other
Technical Service Manager,Customer Support
owner,Other
Board member,Other
Trainee,Other
IT Support Specialist - Intern,Information Technology
Substitute teacher,Other
Account manager SME,Sales
Deputy Head of Sales International Markets,Sales
Electrical engineering project manager,Project Management
Business Development Consultant,Consulting
Senior Account Manager Healthcare,Sales
Dipl.-Business Economist,Other
Senior Scientist GMP Components,Other
Marketing Executive,Marketing
Junior Consultant,Consulting
Client Manager,Sales
Teamlead Technical Product Management,Project Management
Senior Engineer,Information Technology
Systems Manager,Information Technology
Branch Head,Other
Executive Vice President Communication,Marketing
Automotive Electrician,Other
Designer (tool making),Other
Personnel manager,Human Resources
"Head of CT Physics, Application Predevelopment and Global Clinical Collaborations",Other
Visiting Scholar,Consulting
Journeyman Carpenter,Other
Werkstudent Customer Support - global Supply Chain Management,Customer Support
Software developer,Information Technology
Resource Planer,Project Management
Assistant Trainer,Other
"Commercial Manager NL Düsseldorf, Frankfurt, Berlin, Hanover at HOCHTIEF Energy Management GmbH",Other
Electrical Supervisor,Information Technology
Sales Data Coordinator,Sales
Spokesman of the management of Postbank Direkt GmbH / member of the Executive Committee Direktbank,Other
Head of Sales & Marketing,Marketing
Assistant store manager,Sales
Customer Support (Business),Customer Support
"Partner, design architect, project manager",Project Management
Assistant Category Manager,Purchasing
President,Other
Electrical Engineer (Internship),Information Technology
Internal Audit Committee - Intern,Other
Industrialization Manager,Other
Working student,Other
General Dentist,Other
member of the Temporary Signage Marking section / member of the HSE commission,Other
"Scientific institute assistant, doctoral student",Other
Warehouse handler,Other
"Alternative School Director, Special Education Teacher",Other
Trainee Participant Client Advisor,Consulting
"Production Engineer, Manager internal Logistics and Packaging",Other
Freelance,Other
"Master aircraft (MiG 29, EF2000)",Other
Category/Product manager,Marketing
Trainer and consultant,Consulting
Barista,Other
Key Account Manager,Sales
Life Underwriter,Other
Managing Partner,Business Development
Volunteer,Other
Head of Marketing & Sales,Marketing
Information Specialist,Information Technology
Intern,Other
Produktspezialist - Interconnect,Other
Commercial employee,Administrative
Managing Director International Mergers and Acquisitions,Other
Consultant,Consulting
Managing Director,Other
Managing Director,Other
Maintenance Technician,Information Technology
"Group VP, Head of BU Catalytic Technologies",Other
Business Process Specialist,Project Management
Temporary soldier,Other
Associate Head of Sales and Partnerships at GI Social and Easeroom,Sales
Head of carpets/home textiles department,Other
Senior Consultant,Consulting
Sales Operations & Marketing Manager,Marketing
Quality Manager,Other
Assistant to the sponsorship management,Marketing
Go To Market Leader MDTVision,Marketing
Sales Manager,Sales
ExO Trainer,Other
CEO,Other
Business coordinator production department Consumer,Other
Sales & Leasing Consultant,Sales
"Director, Human Resources",Human Resources
"Technical Officer, School of Engineering",Information Technology
Strategic buyer,Purchasing
"Clerk/ IT service administrator, scheduling",Information Technology
Network Systems Administrator II,Information Technology
Corporate Commercial Director of Travel Agencies Spain.,Sales
Business developer,Business Development
Internet Sales Manager,Sales
Economist,Other
Radio Reporter and Researcher,Other
Branch manager,Other
Managing Strategy Consultant & Data Scientist,Consulting
M.Sc. in Mechanical Engineering,Other
Employee sales,Sales
"Manager, Analytics & Insights",Information Technology
CEO,Other
Senior Industrial Designer and Project Manager,Project Management
Intermediate java developer,Information Technology
Event Hostess,Marketing
"Intern at the editorial office of the news programme ""Mittagsmagazin""",Marketing
Branch Coordinator,Administrative
Director of Marketing,Marketing
Sales engineer,Sales
General manager,Other
Theater maker and actor,Other
Purchasing manager,Purchasing
Lead Cook,Other
IT and Internet service provider,Information Technology
Accountant,Other
Consultant and owner,Consulting
Working Student Process Management Digital Sales,Sales
10th grade final exam,Other
Senior Project Manager,Project Management
"Senior Analyst, Financial Planning & Analysis",Other
Head of Department “Materialfow Information Systems”,Information Technology
Director of Group Sales,Sales
Internship,Other
Head of the service production systems technology department,Other
Senior Advisor,Consulting
Visiting Professor of Entrepreneurship,Consulting
Technical Officer,Information Technology
IT Business Analyst,Information Technology
Back office employees,Administrative
Senior Digital Strategy Consultant ; Senior Business Analyst (Adobe Experience Cloud),Consulting
Communication & Project Management,Project Management
Network and system administrator,Information Technology
Human Resources Generalist,Human Resources
Financial Accountant,Other
Foreign Labor Certification Contract Program Analyst - Appeals,Consulting
Software Developer,Information Technology
Shift staff / Production Manager,Other
Financial Analyst,Other
Embedded Software Engineer,Information Technology
Workshop manager,Other
Executive Director,Other
Disposal Punkt DE GmbH,Other
"Director, Element Division",Other
Director,Other
Head of Credit Spread Products,Other
Microsoft Engineer,Information Technology
"Electronic banking services, IT administration",Information Technology
Managing Director,Other
Press Advisor,Marketing
Head of department,Other
Research Assistent,Other
Consulting Manager and Head of EMEA Expert Consulting,Consulting
Student Asset Management,Administrative
Senior Analyst,Other
Business Manager,Business Development
Manager Flight Optimization Cargo,Other
Intern Nursing and Health Management,Other
Senior Program Manager,Project Management
Foreman,Other
Marketing graphic designer assistant,Marketing
International Purchasing Manager,Purchasing
Key Accounts Specialist,Sales
Bank clerk trainee,Other
Project Manager,Project Management
Channel Account Manager,Sales
Youth care,Other
Board member,Other
"Deputy Director ""Cognitive Computing and Medical Imaging""",Other
Holiday trainee,Other
Chief Operating Officer,Other
undergrad. student labour,Other
Design technician then HVAC business manager,Other
Sales Director,Sales
International Experience,Other
Head of Project Management & Engineering Department,Project Management
Production Supervisor,Other
Freelancer,Consulting
Trainee,Other
Cashier,Other
Internal Account Manager for Non-life Insurance,Sales
Key-Account-Manager,Sales
Manufacturing Engineer - Business Development,Business Development
Account Manager Public Sector und GKV,Sales
Production Manager/Deputy Head Manufacturing,Other
Research Assistant,Other
Project Coordinator,Project Management
Technical Product Manager,Project Management
Project Engineer,Project Management
Network Administrator,Information Technology
General Staff Officer Student,Other
Director,Other
Training as a toolmaker,Other
Production and administration,Other
Management and Marketing Intern,Marketing
Purchasing Intern,Purchasing
Member of Consulting Staff,Consulting
Commercial manager / authorized signatory of EDL Boysen GmbH (subsidiary of HOCHTIEF Energy Solutions GmbH),Other
Maintenance & Engineering Manager,Information Technology
Business Administrator,Administrative
Head of Direct Banking,Other
Customer Support (private customers),Customer Support
Diploma and teaching assistant Prof. Miroslav Šik,Other
Owner,Other
Intern (Electrical and Mechanical Engineering),Information Technology
Advisory Intern,Consulting
Mechanical Studies Manager,Other
Trainee,Other
General Dentist,Other
Mission manager,Other
Scriptwriter for learning programs,Other
Head of row,Other
Production engineer,Other
Originalare/Final artist,Marketing
"Jr. Product manager ""Teamsport"" / Shoe coordinator",Project Management
Radio Host,Other
"Partner, Attorney",Other
Research assistant at the Berlin company representative office,Other
Spotter,Other
Produktspezialist - Interconnect,Other
VP M&A,Other
Account-Manager,Sales
Consultant/Procurist,Consulting
HVAC/R Technician,Other
Global Director Specialty Chemicals,Other
Customer Administration Team Manager Switzerland,Customer Support
Director of Sales and Partnerships - Middleeast,Sales
Seller/substitute carpets/home textiles,Sales
employee,Other
Account Manager,Sales
Quality Manager Assistant,Administrative
Principal,Other
"Trainee, ops, sales",Sales
Ambassador,Sales
Manager online communication,Marketing
Team Manager Debt Monitoring Department,Other
Sales & Leasing Consultant,Sales
"Sr. Director, Human Resources",Human Resources
"Electronics Technician, Department of Applied Physics",Other
Junior Key Account Manager,Sales
Support Specialist,Customer Support
Account Manager B2B,Sales
University Teacher,Other
Senior Strategy Consultant,Consulting
Research Assistant,Other
Senior Strategist,Consulting
COO,Other
Industrial Designer,Other
Developer,Information Technology
Specialised International Camp Counsellor (gymnastics),Other
Public relations/PR,Marketing
Community service,Other
Trainee,Other
Trainer/teacher,Human Resources
Buyer,Purchasing
Nursing specialist,Other
Economist,Other
Senior Consultant,Consulting
Head of Competence Center “Material Flow Computer Systems”,Information Technology
Area Director of Sales Marketing,Sales
Internship,Other
"Customer Support Manager for southern Germany, Austria and Switzerland",Customer Support
"Director, Center for Free Enterprise: Family Owned Business Institute & Center for Entrepreneurship",Business Development
Software Engineer,Information Technology
"Telephone customer service, first level support",Customer Support
Digital Strategy Consultant ; Business Analyst (Adobe Experience Cloud),Consulting
Senior Project Manager,Project Management
Deputy Network Administrator,Information Technology
Human Resources Specialist,Human Resources
Partner,Business Development
Developer,Information Technology
FX Sales,Sales
Procurement & Logistic Manager,Purchasing
Director Logistics,Other
Interest Rate Derivatives Trader,Other
Senior LAN Technician,Information Technology
Training to become a bank clerk,Other
Product manager,Project Management
Lecturer,Other
Business Development Premium Support Engagements,Business Development
Internship Asset Management,Other
Managing Director,Other
Marketing Manager,Marketing
Sales Management Europe Cargo,Sales
Foreman and team leader,Other
Colorist assistant,Other
Trainee,Other
Customs Specialist/Import Operations,Other
Junior Project Manager,Project Management
Account Manager Inside Sales,Sales
Developer,Information Technology
EU Project Coordinator,Project Management
Holiday trainee,Other
Sales Director,Sales
Sales Controller International,Sales
Sr.Project Manager,Project Management
Prodution Manager,Administrative
Chairman,Other
Claims handler,Other
Assistant to the Director Proposal Department,Administrative
Process Engineering Manager,Information Technology
Key Account Manager,Sales
Deputy Head Manufacturing,Other
International Cooperations Manager,Business Development
IT Consultant,Consulting
Design Engineer,Information Technology
Company Commander,Other
Teacher Fittjaskolan,Other
Business Development Intern,Business Development
Working student,Other
Project manager/controller at HOCHTIEF Energy Management GmbH,Purchasing
Maintenance Mgr,Other
Department Director eFinance,Other
"Design architect, project manager",Project Management
IT-specialist,Information Technology
Assistant to corporate clients,Sales
Dentist,Other
Senior officer,Other
Extra at caterers,Other
Originalare/Final artist,Marketing
"Planner & sales ""Never out of stock""",Sales
Partner/Director,Business Development
Freelance journalist,Other
HVAC/R Technician,Other
"Director, Technology & Catalysts Asia",Information Technology
Customer Administration Specialist Team Manager for Europe East and GGO,Customer Support
"Sr. Global Manager Sales,Alliances and Partnerships at Hotelogix",Sales
"Trainee in the commercial area, focus on carpets/home textiles",Purchasing
Sales Administrator,Sales
"Consultant, Project Manager & Go to Market Leader",Project Management
ExO Consultant,Consulting
Editorial management,Marketing
"Coordinator Debt Monitoring Department,",Other
"Business Consultant, Mesopotamia Wine Distributors",Consulting
"Assoc. Director, Human Resources (International Commercial Operations)",Human Resources
"Electronics Technician, School of Medicine",Other
Sales promoter and assistant to the management,Sales
University Teacher,Other
Teaching Assistant,Other
Engineering Student,Information Technology
Performance Media Strategist,Marketing
Chief Commercial Officer,Sales
Freelance Industrial Designer,Other
Java Developer Trainee,Information Technology
Brand Marketing Intern,Marketing
Branch Coordinator,Administrative
scientific Assistant,Other
"Freelance actor, director and scriptwriter",Other
Commercial sales employee,Sales
Consultant,Consulting
IT Project Manager,Information Technology
Senior Group Sales Manager,Sales
Internship,Other
Partner,Business Development
Management assistance,Administrative
Business Analyst (Adobe Experience Cloud),Information Technology
Communication & Project Management,Other
Training as an IT specialist specializing in system integration,Information Technology
Expert Assistant in PHARE Projects –Directorate for Strategies and Programs for Social Inclusion,Project Management
FX Advisory DAC,Consulting
Nordic Supply Chain Manager,Other
Corporate Transportation Manager,Other
Derivatives Sales,Sales
Computer Tech III,Information Technology
R&D Project Lead,Project Management
Senior Solutions Consultant & Project Management,Consulting
IT Manager,Information Technology
Export Manager Europe,Purchasing
Cargo Sales Representative,Sales
Customer Service Student,Customer Support
Packaging Manager,Other
Air Import Operations,Other
Intern shop management,Sales
Product Sales Specialist,Sales
Software Engineer,Information Technology
Researcher,Other
Holiday trainee,Other
Head Of TV Sales,Sales
GT Service Engineer for Thermal Block and Auxiliary,Information Technology
Freelancer,Consulting
Student Intern,Other
Proposal Engineer,Sales
Mechanical Process Engineer,Information Technology
Managing Director,Other
Group leader DSP/Isolation,Information Technology
Intern Brand Consulting,Consulting
Design Engineer,Information Technology
Desk Officer,Administrative
Project member,Project Management
Argekaufmann,Sales
Member of the shareholders' advisory board,Other
Commercial trainee,Administrative
Photographer's assistant,Other
HVAC/R Technician,Other
Business Manager Hydrogenation Technologies,Other
Lead Order Management Specialist,Administrative
"Global Manager Sales, Alliances and Partnerships at Hotelogix",Sales
Member,Other
Social media manager,Marketing
"The Collector has collected the consumer, Enter the Justice",Other
Sales Representative,Sales
"Human Resources Generalist / Manager, Training & Development",Human Resources
Junior Product Manager Commercial Vehicle Tires (temporary),Project Management
Senior Consultant,Consulting
Technical Support Advisor,Customer Support
Search Marketing Specialist,Marketing
Head of Strategy and New Businesses,Business Development
Trainer,Human Resources
IT Specialist,Information Technology
Assistant Director of Sales/Senior Group Sales Manager,Sales
Founder and President,Other
Administration of the Salzburg branch,Administrative
Project Manager,Project Management
Managing Director,Other
Military Service - Corporal - Command Command,Other
Founding Partner,Other
Supply Chain Manager,Other
Director Logistics,Other
System Test Lead,Information Technology
Working Student,Other
Director,Other
Postdoc,Other
Air Freight Export,Other
Project Management Trainee,Project Management
Holiday trainee,Other
TV Front Office,Other
GT Service Engineer for Thermal Block & Auxiliary,Information Technology
Deputy head of the high-performance pulse technology department,Other
Sales Manager,Sales
Research associate process development,Project Management
Duty Officer,Other
CFO,Other
Commercial employee at STRABAG Sportstättenbau GmbH,Administrative
Project manager eCommerce,Project Management
Photographer's assistant,Other
HVAC/R Technician,Other
Group Leader (Research Department) Metallocenes,Other
Executive Order Management Specialist,Administrative
Manager Regional Business Development and Govt. Projects Sales (South and Central India Sales),Business Development
Multiplier B,Other
Content Creator,Marketing
Educational employee.,Other
Small Business Owner,Other
"Operations Supervisor / Human Resources Generalist / Manager, Training & Development",Human Resources
Consultant,Consulting
Internship,Other
International Team Manager,Other
"Deputy Head of Group Business Development, Senior Business Development Manager",Business Development
Trainer and training actor,Human Resources
Chief Operating Officer and Treasurer,Other
Commercial processing - accounting preparation - back office,Administrative
Project Manager,Project Management
Freelancer - MarCommunication,Marketing
"Forex dealer, spot, forward, FX-Sales",Sales
Logistics & Quality Manager,Other
Logistics Manager,Other
Condition Monitoring Trainer,Consulting
Internship,Other
IT Manager,Information Technology
Postdoc,Other
Project Management Practitioner,Project Management
Trainee,Other
Account Manager,Sales
GT Service Engineer,Information Technology
Head of Department for High Energy Systems,Other
Student,Other
Tutor for cost and performance accounting,Other
International sales manager,Sales
Research Chemist Polyolefins,Other
Order Management Specialist,Administrative
Manager Business Development and Government Tender Projects Sales,Sales
Co-Founder,Other
Board member,Other
Educational youth worker,Other
Sales Representative - Medical Devices,Sales
Business Analyst,Other
International Web Marketing Consultant,Consulting
Senior Strategy Manager,Consulting
Training actor and trainer,Other
Project Director of USIA Business Development Grant,Business Development
Commercial clerk & logistics administration,Other
Business Analyst / IT-Consultant,Consulting
Advisor,Consulting
Logistics Manager,Other
Logistics Supervisor,Other
Graduate and student trainee,Other
Industrial Mechanic,Other
Holiday trainee,Other
Marketing assistant,Marketing
GT Service Engineer,Information Technology
Scientific employee,Other
"Recruit, Conscript, Officer Candidate",Human Resources
Working student,Other
Operations Analyst / Executive Assistant,Administrative
Manager Business Development Sales and Partnerships,Business Development
Governance Guild Fellow,Other
Content development,Marketing
"Tool Specialist, Territory Manager and Marketing Specialist",Other
Strategic Marketing,Marketing
Head of Strategy and Business Development,Business Development
Career consultant,Human Resources
Assistant/Associate Professor of Finance,Other
Community service in the Upper Austrian relief organization,Other
Self Employed Consultant,Consulting
Project Engineer,Project Management
Trainer,Other
Basic Military Servic,Other
Sales manager,Sales
Service Engineer for GT Blading,Information Technology
scientific Assistant,Other
Skilled mechatronics worker,Other
Assistant Alpine Ski Team Coach,Other
"Executive Business Development and Channel Partner Sales (SEA, EMEA)",Sales
Fixer,Other
Festivalkoordinator,Marketing
Marketing Trainee,Marketing
Manager Business Development,Business Development
Communication skills trainer,Consulting
Assistant Professor of Finance,Other
Retail clerk,Other
Executive Assistant,Administrative
OBS Sergeant,Other
System Analyst,Information Technology
Engineer for GT and Compressor Blading,Information Technology
Coach for Elite Athletes,Other
Contributor & Member of the Trusted Seed,Other
Sound-Editor,Other
Manager Multimedia,Marketing
Theater maker,Other
Research Analyst and Trader,Other
Trainee,Other
Manager,Other
Engineer for GT-Blading,Information Technology
Ski Team Manager,Other
Gardener of the Trusted Seed & Core Team Member,Other
Production assistant,Other
Scientific Officer,Other
Director and scriptwriter,Other
Research Fellow,Other
OBS Sergeant,Other
Engineer for Air Cooled GT Blading,Other
Ambassador of SingularityU Caracas Chapter,Other
Alumni Advisory Board VP,Consulting
Alumni Advisory Board Member,Consulting
Community Architect & DAO Sherpa,Other
Strategic Advisor on Social Impact Organizations,Consulting
Giveth House Steward,Administrative
Trustlines Venezuela Project Leader,Other
Director of Latin American Expansion,Business Development
Mentor,Other
Blockchain Strategist,Information Technology
Chief Opportunities Officer,Business Development
Regional Associate for Latin America & Caribbean,Sales
Impact Scholar,Other
Business Development Manager,Business Development
Fellow,Other
Business Development,Business Development
Marketing Consultant,Marketing
Founder & Captain,Other
Brand Evangelist,Marketing
Co-founder & Chief Marketing Officer,Marketing
Founder + VP,Other
Intern,Other
